Organisation,SectorCluster,County
Sudan Peace and Education Development Program,Education,Morobo
Sudan Peace and Education Development Program,Education,Terekeka
Sudan Peace and Education Development Program,Food Security & Livlihoods,Juba
Sudan Peace and Education Development Program,Food Security & Livlihoods,Morobo
Sudan Peace and Education Development Program,Food Security & Livlihoods,Terekeka
Sudan Peace and Education Development Program,Food Security & Livlihoods,Magwi
Sudan Peace and Education Development Program,Food Security & Livlihoods,Aweil West
Sudan Peace and Education Development Program,Food Security & Livlihoods,Aweil North
Sudan Peace and Education Development Program,Health,Morobo
Sudan Peace and Education Development Program,WASH,Terekeka
Sudan Peace and Education Development Program,WASH,Aweil North
Catholic Radio Network,Education,Juba
Catholic Radio Network,Education,Yei
Catholic Radio Network,Emergency Telecoms,Yambio
Catholic Radio Network,Emergency Telecoms,Rumbek
Catholic Radio Network,Food Security & Livlihoods,Juba
Catholic Radio Network,Food Security & Livlihoods,Yei
Catholic Radio Network,Health,Juba
Catholic Radio Network,Health,Yei
Catholic Radio Network,Health,Torit
Catholic Radio Network,Health,Rumbek Centre
Catholic Radio Network,Health,Yambio
Catholic Radio Network,Health,Rumbek East
Catholic Radio Network,Health,Wau
Catholic Radio Network,Protection ,Juba
Catholic Radio Network,Protection ,Yei
Catholic Radio Network,Protection ,Torit
Catholic Radio Network,Protection ,Yambio
Catholic Radio Network,Protection ,Rumbek Centre
Catholic Radio Network,Protection ,Aweil Centre
Catholic Radio Network,Protection ,Wau
Catholic Radio Network,WASH,Juba
Catholic Radio Network,WASH,Yei
Catholic Radio Network,WASH,Torit
Catholic Radio Network,WASH,Yambio
Catholic Radio Network,WASH,Rumbek Centre
Catholic Radio Network,WASH,Wau
Catholic Radio Network,Conflict Prevention & Peacebuilding,Juba
Catholic Radio Network,Conflict Prevention & Peacebuilding,Yei
Catholic Radio Network,Conflict Prevention & Peacebuilding,Torit
Catholic Radio Network,Conflict Prevention & Peacebuilding,Yambio
Catholic Radio Network,Conflict Prevention & Peacebuilding,Rumbek Centre
Catholic Radio Network,Conflict Prevention & Peacebuilding,Wau
Catholic Radio Network,Governance & Rule of Law,Juba
Catholic Radio Network,Governance & Rule of Law,Lainya
Catholic Radio Network,Governance & Rule of Law,Budi
Catholic Radio Network,Governance & Rule of Law,Torit
Catholic Radio Network,Governance & Rule of Law,Yambio
Catholic Radio Network,Governance & Rule of Law,Rumbek Centre
Catholic Radio Network,Governance & Rule of Law,Rumbek East
Lacha Community and Economic Development,CCCM,Juba
Lacha Community and Economic Development,CCCM,Mundri West
Lacha Community and Economic Development,Food Security & Livlihoods,Mundri West
Lacha Community and Economic Development,Health,Mundri West
Lacha Community and Economic Development,Protection ,Mundri West
Lacha Community and Economic Development,Protection ,Mundri East
Lacha Community and Economic Development,Protection ,Mvolo
Lacha Community and Economic Development,Shelter and Non-Food Items,Juba
Lacha Community and Economic Development,Shelter and Non-Food Items,Mundri East
Lacha Community and Economic Development,Shelter and Non-Food Items,Mundri West
Lacha Community and Economic Development,Shelter and Non-Food Items,Mvolo
Lacha Community and Economic Development,Conflict Prevention & Peacebuilding,Maridi
Lacha Community and Economic Development,Conflict Prevention & Peacebuilding,Mundri East
Lacha Community and Economic Development,Conflict Prevention & Peacebuilding,Mundri West
Lacha Community and Economic Development,Conflict Prevention & Peacebuilding,Mvolo
Lacha Community and Economic Development,Governance & Rule of Law,Maridi
Lacha Community and Economic Development,Governance & Rule of Law,Mundri East
Lacha Community and Economic Development,Governance & Rule of Law,Mundri West
Lacha Community and Economic Development,Governance & Rule of Law,Mvolo
Sudan Medical care,Health,Bor South
Sudan Medical care,Health,Duk
Impact Health Organization,Education,Juba
Impact Health Organization,Education,Magwi
Impact Health Organization,Education,Duk
Impact Health Organization,Health,Juba
Impact Health Organization,Health,Magwi
Impact Health Organization,Nutrition ,Juba
Impact Health Organization,Protection ,Juba
Compass,CCCM,Juba
Compass,CCCM,Terekeka
Compass,CCCM,Yei
Compass,Education,Terekeka
Compass,Emergency Telecoms,Terekeka
Compass,Food Security & Livlihoods,Terekeka
Compass,Food Security & Livlihoods,Juba
Compass,Health,Juba
Compass,Health,Terekeka
Compass,Shelter and Non-Food Items,Terekeka
Compass,WASH,Juba
Compass,WASH,Terekeka
Compass,Conflict Prevention & Peacebuilding,Terekeka
Compass,Governance & Rule of Law,Juba
Compass,Governance & Rule of Law,Terekeka
Smile Again Africa Development Organization,Education,Bor South
Smile Again Africa Development Organization,Education,Twic East
Smile Again Africa Development Organization,Education,Duk
Smile Again Africa Development Organization,Education,Pibor
Smile Again Africa Development Organization,Education,Awerial
Smile Again Africa Development Organization,Education,Aweil West
Smile Again Africa Development Organization,Food Security & Livlihoods,Juba
Smile Again Africa Development Organization,Food Security & Livlihoods,Terekeka
Smile Again Africa Development Organization,Food Security & Livlihoods,Bor South
Smile Again Africa Development Organization,Food Security & Livlihoods,Twic East
Smile Again Africa Development Organization,Food Security & Livlihoods,Duk
Smile Again Africa Development Organization,Food Security & Livlihoods,Pibor
Smile Again Africa Development Organization,Food Security & Livlihoods,Awerial
Smile Again Africa Development Organization,Food Security & Livlihoods,Rumbek Centre
Smile Again Africa Development Organization,Food Security & Livlihoods,Rumbek East
Smile Again Africa Development Organization,Food Security & Livlihoods,Yirol East
Smile Again Africa Development Organization,Food Security & Livlihoods,Aweil Centre
Smile Again Africa Development Organization,Food Security & Livlihoods,Aweil East
Smile Again Africa Development Organization,Food Security & Livlihoods,Aweil South
Smile Again Africa Development Organization,Food Security & Livlihoods,Gogrial West
Smile Again Africa Development Organization,Food Security & Livlihoods,Tonj North
Smile Again Africa Development Organization,Food Security & Livlihoods,Twic East
Smile Again Africa Development Organization,Nutrition ,Duk
Smile Again Africa Development Organization,Nutrition ,Twic East
Smile Again Africa Development Organization,Protection ,Juba
Smile Again Africa Development Organization,Protection ,Bor South
Smile Again Africa Development Organization,Protection ,Twic East
Smile Again Africa Development Organization,Protection ,Duk
Smile Again Africa Development Organization,Protection ,Pibor
Smile Again Africa Development Organization,Protection ,Awerial
Smile Again Africa Development Organization,Protection ,Yirol East
Smile Again Africa Development Organization,Protection ,Yirol West
Smile Again Africa Development Organization,Conflict Prevention & Peacebuilding,Juba
Smile Again Africa Development Organization,Conflict Prevention & Peacebuilding,Terekeka
Smile Again Africa Development Organization,Conflict Prevention & Peacebuilding,Bor South
Smile Again Africa Development Organization,Conflict Prevention & Peacebuilding,Twic East
Smile Again Africa Development Organization,Conflict Prevention & Peacebuilding,Duk
Smile Again Africa Development Organization,Conflict Prevention & Peacebuilding,Awerial
Smile Again Africa Development Organization,Governance & Rule of Law,Juba
Smile Again Africa Development Organization,Governance & Rule of Law,Bor South
Universal Network for Knowledge & Empowerment Agency,CCCM,Maiwut
Universal Network for Knowledge & Empowerment Agency,Education,Longochuk
Universal Network for Knowledge & Empowerment Agency,Education,Maiwut
Universal Network for Knowledge & Empowerment Agency,Education,Luakpiny/Nasir
Universal Network for Knowledge & Empowerment Agency,Education,Ulang
Universal Network for Knowledge & Empowerment Agency,Food Security & Livlihoods,Longochuk
Universal Network for Knowledge & Empowerment Agency,Food Security & Livlihoods,Luakpiny/Nasir
Universal Network for Knowledge & Empowerment Agency,Food Security & Livlihoods,Ulang
Universal Network for Knowledge & Empowerment Agency,Health,Luakpiny/Nasir
Universal Network for Knowledge & Empowerment Agency,Nutrition ,Luakpiny/Nasir
Universal Network for Knowledge & Empowerment Agency,Protection ,Luakpiny/Nasir
Universal Network for Knowledge & Empowerment Agency,WASH,Luakpiny/Nasir
Community Empowerment for Rehabilitation and Development,Protection ,Lainya
Community Empowerment for Rehabilitation and Development,Protection ,Morobo
Community Empowerment for Rehabilitation and Development,Protection ,Yei
Community Empowerment for Rehabilitation and Development,Conflict Prevention & Peacebuilding,Juba
Community Empowerment for Rehabilitation and Development,Conflict Prevention & Peacebuilding,Lainya
Community Empowerment for Rehabilitation and Development,Conflict Prevention & Peacebuilding,Morobo
Community Empowerment for Rehabilitation and Development,Conflict Prevention & Peacebuilding,Yei
Community Empowerment for Rehabilitation and Development,Conflict Prevention & Peacebuilding,Ibba
Community Empowerment for Rehabilitation and Development,Conflict Prevention & Peacebuilding,Maridi
Community Empowerment for Rehabilitation and Development,Conflict Prevention & Peacebuilding,Mundri East
Community Empowerment for Rehabilitation and Development,Conflict Prevention & Peacebuilding,Nzara
Community Empowerment for Rehabilitation and Development,Governance & Rule of Law,Lainya
Community Empowerment for Rehabilitation and Development,Governance & Rule of Law,Morobo
Community Empowerment for Rehabilitation and Development,Governance & Rule of Law,Yei
Community Empowerment for Rehabilitation and Development,Governance & Rule of Law,Ibba
Community Empowerment for Rehabilitation and Development,Governance & Rule of Law,Maridi
Community Empowerment for Rehabilitation and Development,Governance & Rule of Law,Mundri East
Community Empowerment for Rehabilitation and Development,Governance & Rule of Law,Nzara
Advocates Coalition For Rights and Development,Education,Magwi
Advocates Coalition For Rights and Development,Education,Pibor
Advocates Coalition For Rights and Development,Education,Pochalla
Advocates Coalition For Rights and Development,Education,Longochuk
Advocates Coalition For Rights and Development,Food Security & Livlihoods,Lafon
Advocates Coalition For Rights and Development,Food Security & Livlihoods,Magwi
Advocates Coalition For Rights and Development,Protection ,Juba
Advocates Coalition For Rights and Development,Protection ,Lafon
Advocates Coalition For Rights and Development,Protection ,Magwi
Advocates Coalition For Rights and Development,WASH,Kapoeta East
Advocates Coalition For Rights and Development,WASH,Lafon
Advocates Coalition For Rights and Development,WASH,Magwi
Confident Children out of Conflict,Education,Juba
Confident Children out of Conflict,Protection ,Juba
South Sudan Integrated Development Organization,Education,Yei
South Sudan Integrated Development Organization,Education,Abiemnhom
South Sudan Integrated Development Organization,Education,Mayom
South Sudan Integrated Development Organization,Food Security & Livlihoods,Juba
South Sudan Integrated Development Organization,Food Security & Livlihoods,Torit
South Sudan Integrated Development Organization,Food Security & Livlihoods,Twic
South Sudan Integrated Development Organization,Health,Juba
South Sudan Integrated Development Organization,Health,Torit
South Sudan Integrated Development Organization,Health,Bor South
South Sudan Integrated Development Organization,Health,Abiemnhom
South Sudan Integrated Development Organization,Health,Mayom
South Sudan Integrated Development Organization,Nutrition ,Mayom
South Sudan Integrated Development Organization,Protection ,Abiemnhom
South Sudan Integrated Development Organization,Protection ,Guit
South Sudan Integrated Development Organization,Protection ,Mayom
South Sudan Integrated Development Organization,Conflict Prevention & Peacebuilding,Juba
South Sudan Integrated Development Organization,Conflict Prevention & Peacebuilding,Awerial
South Sudan Integrated Development Organization,Conflict Prevention & Peacebuilding,Cueibet
South Sudan Integrated Development Organization,Conflict Prevention & Peacebuilding,Rumbek Centre
South Sudan Integrated Development Organization,Governance & Rule of Law,Rumbek Centre
South Sudan Integrated Development Organization,Governance & Rule of Law,Mayom
South Sudan Integrated Development Organization,Governance & Rule of Law,Twic
Action For Development,CCCM,Terekeka
Action For Development,Education,Raga
Action For Development,Food Security & Livlihoods,Budi
Action For Development,Food Security & Livlihoods,Ikotos
Action For Development,Food Security & Livlihoods,Magwi
Action For Development,Food Security & Livlihoods,Raga
Action For Development,Health,Budi
Action For Development,Health,Juba
Action For Development,Health,Terekeka
Action For Development,Health,Budi
Action For Development,Health,Ikotos
Action For Development,Health,Raga
COMMUNITY AGRIBUSINESS DEVELOPMENT AGENCY,CCCM,Juba
COMMUNITY AGRIBUSINESS DEVELOPMENT AGENCY,CCCM,Ayod
COMMUNITY AGRIBUSINESS DEVELOPMENT AGENCY,CCCM,Fangak
COMMUNITY AGRIBUSINESS DEVELOPMENT AGENCY,CCCM,Canal/Pigi
COMMUNITY AGRIBUSINESS DEVELOPMENT AGENCY,CCCM,Nyirol
COMMUNITY AGRIBUSINESS DEVELOPMENT AGENCY,CCCM,Uror
COMMUNITY AGRIBUSINESS DEVELOPMENT AGENCY,Education,Juba
COMMUNITY AGRIBUSINESS DEVELOPMENT AGENCY,Education,Ayod
COMMUNITY AGRIBUSINESS DEVELOPMENT AGENCY,Education,Fangak
COMMUNITY AGRIBUSINESS DEVELOPMENT AGENCY,Food Security & Livlihoods,Ayod
COMMUNITY AGRIBUSINESS DEVELOPMENT AGENCY,Food Security & Livlihoods,Fangak
COMMUNITY AGRIBUSINESS DEVELOPMENT AGENCY,Food Security & Livlihoods,Canal/Pigi
COMMUNITY AGRIBUSINESS DEVELOPMENT AGENCY,Protection ,Juba
COMMUNITY AGRIBUSINESS DEVELOPMENT AGENCY,Protection ,Ayod
COMMUNITY AGRIBUSINESS DEVELOPMENT AGENCY,Protection ,Fangak
COMMUNITY AGRIBUSINESS DEVELOPMENT AGENCY,WASH,Juba
COMMUNITY AGRIBUSINESS DEVELOPMENT AGENCY,WASH,Fangak
COMMUNITY AGRIBUSINESS DEVELOPMENT AGENCY,Conflict Prevention & Peacebuilding,Fangak
COMMUNITY AGRIBUSINESS DEVELOPMENT AGENCY,Governance & Rule of Law,Fangak
Action for Rural Development,Food Security & Livlihoods,Kapoeta East
Action for Rural Development,Food Security & Livlihoods,Kapoeta North
Action for Rural Development,Food Security & Livlihoods,Kapoeta South
Action for Rural Development,Food Security & Livlihoods,Torit
Action for Rural Development,Nutrition ,Kapoeta South
Action for Rural Development,Nutrition ,Kapoeta East
Action for Rural Development,Protection ,Kapoeta East
Action for Rural Development,Protection ,Kapoeta North
Action for Rural Development,Protection ,Kapoeta South
Community Action Organization,CCCM,Akobo
Community Action Organization,CCCM,Duk
Community Action Organization,CCCM,Fangak
Community Action Organization,CCCM,Uror
Community Action Organization,CCCM,Koch
Community Action Organization,CCCM,Mayom
Community Action Organization,CCCM,Panyijiar
Community Action Organization,CCCM,Maiwut
Community Action Organization,CCCM,Luakpiny/Nasir
Community Action Organization,Education,Fangak
Community Action Organization,Education,Uror
Community Action Organization,Food Security & Livlihoods,Akobo
Community Action Organization,Food Security & Livlihoods,Duk
Community Action Organization,Food Security & Livlihoods,Fangak
Community Action Organization,Food Security & Livlihoods,Uror
Community Action Organization,Food Security & Livlihoods,Koch
Community Action Organization,Health,Akobo
Community Action Organization,Health,Ayod
Community Action Organization,Health,Fangak
Community Action Organization,Health,Uror
Community Action Organization,Logistics,Fangak
Community Action Organization,Logistics,Uror
Community Action Organization,Nutrition ,Akobo
Community Action Organization,Nutrition ,Fangak
Community Action Organization,Nutrition ,Uror
Community Action Organization,Shelter and Non-Food Items,Fangak
Community Action Organization,WASH,Akobo
Community Action Organization,WASH,Fangak
Community Action Organization,WASH,Uror
Community Action Organization,Conflict Prevention & Peacebuilding,Akobo
Community Action Organization,Conflict Prevention & Peacebuilding,Fangak
Community Action Organization,Conflict Prevention & Peacebuilding,Uror
Eve Organization for Women Development,Protection ,Juba
Eve Organization for Women Development,Protection ,Kajo-keji
Eve Organization for Women Development,Protection ,Lainya
Eve Organization for Women Development,Protection ,Morobo
Eve Organization for Women Development,Protection ,Terekeka
Eve Organization for Women Development,Protection ,Yei
Eve Organization for Women Development,Protection ,Kapoeta East
Eve Organization for Women Development,Protection ,Torit
Eve Organization for Women Development,Protection ,Yambio
Eve Organization for Women Development,Protection ,Bor South
Eve Organization for Women Development,Protection ,Wau
Eve Organization for Women Development,Protection ,Rubkona
Operation Save Innocent Livess,Food Security & Livlihoods,Morobo
Operation Save Innocent Livess,Food Security & Livlihoods,Yei
Operation Save Innocent Livess,Mine Action ,Juba
Operation Save Innocent Livess,Mine Action ,Kajo-keji
Operation Save Innocent Livess,Mine Action ,Lainya
Operation Save Innocent Livess,Mine Action ,Morobo
Operation Save Innocent Livess,Mine Action ,Yei
Operation Save Innocent Livess,Mine Action ,Ikotos
Operation Save Innocent Livess,Mine Action ,Kapoeta East
Operation Save Innocent Livess,Mine Action ,Kapoeta North
Operation Save Innocent Livess,Mine Action ,Kapoeta South
Operation Save Innocent Livess,Mine Action ,Lafon
Operation Save Innocent Livess,Mine Action ,Magwi
Operation Save Innocent Livess,Mine Action ,Torit
Operation Save Innocent Livess,Mine Action ,Bor South
Operation Save Innocent Livess,Mine Action ,Twic East
Operation Save Innocent Livess,Mine Action ,Awerial
Operation Save Innocent Livess,Mine Action ,Yirol East
Operation Save Innocent Livess,Mine Action ,Yirol West
Operation Save Innocent Livess,Mine Action ,Duk
Operation Save Innocent Livess,Protection ,Juba
Operation Save Innocent Livess,Protection ,Yei
South Sudan Integrated Mine Action Service,Mine Action ,Juba
South Sudan Integrated Mine Action Service,Mine Action ,Kajo-keji
South Sudan Integrated Mine Action Service,Mine Action ,Terekeka
South Sudan Integrated Mine Action Service,Mine Action ,Budi
South Sudan Integrated Mine Action Service,Mine Action ,Ikotos
South Sudan Integrated Mine Action Service,Mine Action ,Kapoeta East
South Sudan Integrated Mine Action Service,Mine Action ,Kapoeta North
South Sudan Integrated Mine Action Service,Mine Action ,Lafon
South Sudan Integrated Mine Action Service,Mine Action ,Magwi
South Sudan Integrated Mine Action Service,Mine Action ,Torit
South Sudan Integrated Mine Action Service,Mine Action ,Bor South
South Sudan Integrated Mine Action Service,Mine Action ,Twic East
South Sudan Integrated Mine Action Service,Mine Action ,Duk
South Sudan Integrated Mine Action Service,Mine Action ,Pibor
Caritas South Sudan,Logistics,Juba
Caritas South Sudan,Logistics,Yei
Caritas South Sudan,Logistics,Torit
Caritas South Sudan,Logistics,Yambio
Caritas South Sudan,Logistics,Bor South
Caritas South Sudan,Logistics,Rumbek Centre
Caritas South Sudan,Logistics,Yirol West
Caritas South Sudan,Logistics,Abiemnhom
Caritas South Sudan,Logistics,Malakal
Caritas South Sudan,Logistics,Abyei region
Caritas South Sudan,Shelter and Non-Food Items,Juba
Caritas South Sudan,Shelter and Non-Food Items,Yei
Caritas South Sudan,Shelter and Non-Food Items,Torit
Caritas South Sudan,Shelter and Non-Food Items,Yambio
Caritas South Sudan,Shelter and Non-Food Items,Bor South
Caritas South Sudan,Shelter and Non-Food Items,Rumbek Centre
Caritas South Sudan,Shelter and Non-Food Items,Yirol West
Caritas South Sudan,Shelter and Non-Food Items,Malakal
Caritas South Sudan,WASH,Abiemnhom
Caritas South Sudan,WASH,Melut
Caritas South Sudan,WASH,Abyei region
Caritas South Sudan,WASH,Twic
Global Aim,Education,Magwi
Global Aim,Health,Magwi
Global Aim,Shelter and Non-Food Items,Magwi
Global Aim,WASH,Budi
Global Aim,WASH,Ikotos
Global Aim,WASH,Kapoeta East
Global Aim,WASH,Kapoeta South
Global Aim,WASH,Lafon
Global Aim,WASH,Magwi
Global Aim,Conflict Prevention & Peacebuilding,Magwi
Global Aim,Conflict Prevention & Peacebuilding,Torit
Global Aim,Governance & Rule of Law,Magwi
Global Aim,Governance & Rule of Law,Torit
Mother and Children Development Aid,Food Security & Livlihoods,Mundri East
Mother and Children Development Aid,Food Security & Livlihoods,Mundri West
Mother and Children Development Aid,Food Security & Livlihoods,Mvolo
Mother and Children Development Aid,Food Security & Livlihoods,Aweil Centre
Mother and Children Development Aid,Health,Mundri East
Mother and Children Development Aid,Health,Mundri West
Mother and Children Development Aid,Health,Mvolo
Mother and Children Development Aid,Health,Aweil Centre
Mother and Children Development Aid,Health,Aweil South
Mother and Children Development Aid,Nutrition ,Aweil Centre
Mother and Children Development Aid,Nutrition ,Mundri East
Mother and Children Development Aid,Nutrition ,Mundri West
Mother and Children Development Aid,Nutrition ,Mvolo
Mother and Children Development Aid,Nutrition ,Aweil Centre
Mother and Children Development Aid,Nutrition ,Aweil South
Malakal Mobile Theatre Team,Education,Melut
Malakal Mobile Theatre Team,Mine Action ,Melut
Malakal Mobile Theatre Team,Mine Action ,Renk
Malakal Mobile Theatre Team,Protection ,Melut
Malakal Mobile Theatre Team,Protection ,Renk
Care for Children and Old Age in South Sudan,CCCM,Juba
Care for Children and Old Age in South Sudan,CCCM,Bor South
Care for Children and Old Age in South Sudan,CCCM,Awerial
Care for Children and Old Age in South Sudan,CCCM,Yirol East
Care for Children and Old Age in South Sudan,CCCM,Yirol West
Care for Children and Old Age in South Sudan,Education,Juba
Care for Children and Old Age in South Sudan,Education,Bor South
Care for Children and Old Age in South Sudan,Education,Awerial
Care for Children and Old Age in South Sudan,Education,Yirol East
Care for Children and Old Age in South Sudan,Education,Yirol West
Care for Children and Old Age in South Sudan,Food Security & Livlihoods,Juba
Care for Children and Old Age in South Sudan,Food Security & Livlihoods,Bor South
Care for Children and Old Age in South Sudan,Food Security & Livlihoods,Awerial
Care for Children and Old Age in South Sudan,Food Security & Livlihoods,Yirol East
Care for Children and Old Age in South Sudan,Food Security & Livlihoods,Yirol West
Care for Children and Old Age in South Sudan,Health,Juba
Care for Children and Old Age in South Sudan,Health,Bor South
Care for Children and Old Age in South Sudan,Health,Awerial
Care for Children and Old Age in South Sudan,Health,Yirol East
Care for Children and Old Age in South Sudan,Health,Yirol West
Care for Children and Old Age in South Sudan,Nutrition ,Juba
Care for Children and Old Age in South Sudan,Nutrition ,Bor South
Care for Children and Old Age in South Sudan,Nutrition ,Awerial
Care for Children and Old Age in South Sudan,Nutrition ,Yirol East
Care for Children and Old Age in South Sudan,Nutrition ,Yirol West
Care for Children and Old Age in South Sudan,Protection ,Juba
Care for Children and Old Age in South Sudan,Protection ,Bor South
Care for Children and Old Age in South Sudan,Protection ,Yirol East
Care for Children and Old Age in South Sudan,Protection ,Yirol West
Care for Children and Old Age in South Sudan,Shelter and Non-Food Items,Juba
Care for Children and Old Age in South Sudan,Shelter and Non-Food Items,Bor South
Care for Children and Old Age in South Sudan,Shelter and Non-Food Items,Awerial
Care for Children and Old Age in South Sudan,Shelter and Non-Food Items,Yirol East
Care for Children and Old Age in South Sudan,Shelter and Non-Food Items,Yirol West
Care for Children and Old Age in South Sudan,WASH,Juba
Care for Children and Old Age in South Sudan,WASH,Bor South
Care for Children and Old Age in South Sudan,WASH,Awerial
Care for Children and Old Age in South Sudan,WASH,Yirol East
Care for Children and Old Age in South Sudan,WASH,Yirol West
Care for Children and Old Age in South Sudan,Conflict Prevention & Peacebuilding,Juba
Care for Children and Old Age in South Sudan,Conflict Prevention & Peacebuilding,Bor South
Care for Children and Old Age in South Sudan,Conflict Prevention & Peacebuilding,Awerial
Care for Children and Old Age in South Sudan,Conflict Prevention & Peacebuilding,Yirol East
Care for Children and Old Age in South Sudan,Conflict Prevention & Peacebuilding,Yirol West
Assistance Mission for Africa,CCCM,Uror
Assistance Mission for Africa,CCCM,Leer
Assistance Mission for Africa,Education,Leer
Assistance Mission for Africa,Emergency Telecoms,Leer
Assistance Mission for Africa,Food Security & Livlihoods,Leer
Assistance Mission for Africa,Health,Leer
Assistance Mission for Africa,Protection ,Leer
Assistance Mission for Africa,WASH,Uror
Assistance Mission for Africa,WASH,Leer
Assistance Mission for Africa,Conflict Prevention & Peacebuilding,Leer
Assistance Mission for Africa,Governance & Rule of Law,Uror
National Relief and Development Corps,Food Security & Livlihoods,Juba
National Relief and Development Corps,Food Security & Livlihoods,Rumbek Centre
National Relief and Development Corps,Food Security & Livlihoods,Malakal
National Relief and Development Corps,Food Security & Livlihoods,Manyo
National Relief and Development Corps,Food Security & Livlihoods,Panyikang
Moru Church Service Development Association,CCCM,Juba
Moru Church Service Development Association,Education,Juba
Moru Church Service Development Association,Education,Maridi
Moru Church Service Development Association,Education,Mundri East
Moru Church Service Development Association,Education,Mundri West
Moru Church Service Development Association,Education,Mvolo
Moru Church Service Development Association,Food Security & Livlihoods,Juba
Moru Church Service Development Association,Food Security & Livlihoods,Yei
Moru Church Service Development Association,Food Security & Livlihoods,Maridi
Moru Church Service Development Association,Food Security & Livlihoods,Mundri East
Moru Church Service Development Association,Food Security & Livlihoods,Mundri West
Moru Church Service Development Association,Health,Juba
Moru Church Service Development Association,Health,Mundri East
Moru Church Service Development Association,Health,Mundri West
Moru Church Service Development Association,Health,Mvolo
Moru Church Service Development Association,Health,Yambio
Moru Church Service Development Association,Logistics,Juba
Moru Church Service Development Association,Logistics,Mundri East
Moru Church Service Development Association,Logistics,Mundri West
Moru Church Service Development Association,Nutrition ,Juba
Moru Church Service Development Association,Nutrition ,Yei
Moru Church Service Development Association,Nutrition ,Torit
Moru Church Service Development Association,Nutrition ,Maridi
Moru Church Service Development Association,Nutrition ,Mundri East
Moru Church Service Development Association,Nutrition ,Mundri West
Moru Church Service Development Association,Nutrition ,Mvolo
Moru Church Service Development Association,Nutrition ,Yambio
Moru Church Service Development Association,Protection ,Juba
Moru Church Service Development Association,Protection ,Terekeka
Moru Church Service Development Association,Protection ,Torit
Moru Church Service Development Association,Protection ,Maridi
Moru Church Service Development Association,Protection ,Mundri East
Moru Church Service Development Association,Protection ,Mundri West
Moru Church Service Development Association,Protection ,Mvolo
Moru Church Service Development Association,Protection ,Yambio
Moru Church Service Development Association,Shelter and Non-Food Items,Juba
Moru Church Service Development Association,WASH,Juba
Moru Church Service Development Association,WASH,Yei
Moru Church Service Development Association,WASH,Maridi
Moru Church Service Development Association,WASH,Mundri East
Moru Church Service Development Association,WASH,Mundri West
Moru Church Service Development Association,WASH,Mvolo
Moru Church Service Development Association,WASH,Yambio
Moru Church Service Development Association,Governance & Rule of Law,Juba
Moru Church Service Development Association,Governance & Rule of Law,Lainya
Moru Church Service Development Association,Governance & Rule of Law,Yei
Moru Church Service Development Association,Governance & Rule of Law,Kapoeta East
Moru Church Service Development Association,Governance & Rule of Law,Torit
Moru Church Service Development Association,Governance & Rule of Law,Ezo
Moru Church Service Development Association,Governance & Rule of Law,Maridi
Moru Church Service Development Association,Governance & Rule of Law,Mundri East
Moru Church Service Development Association,Governance & Rule of Law,Mundri West
Moru Church Service Development Association,Governance & Rule of Law,Mvolo
Moru Church Service Development Association,Governance & Rule of Law,Malakal
Sudan Evangelical Mission,CCCM,Ibba
Sudan Evangelical Mission,CCCM,Maridi
Sudan Evangelical Mission,CCCM,Mundri East
Sudan Evangelical Mission,CCCM,Mundri West
Sudan Evangelical Mission,CCCM,Mvolo
Sudan Evangelical Mission,CCCM,Wau
Sudan Evangelical Mission,Education,Ibba
Sudan Evangelical Mission,Education,Maridi
Sudan Evangelical Mission,Education,Mundri East
Sudan Evangelical Mission,Education,Mundri West
Sudan Evangelical Mission,Education,Mvolo
Sudan Evangelical Mission,Health,Maridi
Sudan Evangelical Mission,Health,Mundri East
Sudan Evangelical Mission,Health,Mundri West
Sudan Evangelical Mission,Mine Action ,Maridi
Sudan Evangelical Mission,Mine Action ,Mundri East
Sudan Evangelical Mission,Mine Action ,Mundri West
Sudan Evangelical Mission,Mine Action ,Wau
Sudan Evangelical Mission,Protection ,Ibba
Sudan Evangelical Mission,Protection ,Maridi
Sudan Evangelical Mission,Protection ,Mundri East
Sudan Evangelical Mission,Protection ,Mundri West
Sudan Evangelical Mission,Protection ,Mvolo
Sudan Evangelical Mission,Protection ,Wau
Sudan Evangelical Mission,Shelter and Non-Food Items,Mundri East
Sudan Evangelical Mission,Shelter and Non-Food Items,Mundri West
Sudan Evangelical Mission,Shelter and Non-Food Items,Mvolo
Sudan Evangelical Mission,Conflict Prevention & Peacebuilding,Maridi
Sudan Evangelical Mission,Conflict Prevention & Peacebuilding,Mundri East
Sudan Evangelical Mission,Conflict Prevention & Peacebuilding,Mundri West
Sudan Evangelical Mission,Conflict Prevention & Peacebuilding,Mvolo
HUMANITARIAN AND DEVELOPMENT CONSORTIUM,CCCM,Bor South
HUMANITARIAN AND DEVELOPMENT CONSORTIUM,CCCM,Malakal
HUMANITARIAN AND DEVELOPMENT CONSORTIUM,Education,Bor South
HUMANITARIAN AND DEVELOPMENT CONSORTIUM,Education,Maban
HUMANITARIAN AND DEVELOPMENT CONSORTIUM,Food Security & Livlihoods,Bor South
HUMANITARIAN AND DEVELOPMENT CONSORTIUM,Food Security & Livlihoods,Awerial
HUMANITARIAN AND DEVELOPMENT CONSORTIUM,Food Security & Livlihoods,Maban
HUMANITARIAN AND DEVELOPMENT CONSORTIUM,Food Security & Livlihoods,Malakal
HUMANITARIAN AND DEVELOPMENT CONSORTIUM,Logistics,Juba
HUMANITARIAN AND DEVELOPMENT CONSORTIUM,Logistics,Malakal
HUMANITARIAN AND DEVELOPMENT CONSORTIUM,Protection ,Juba
HUMANITARIAN AND DEVELOPMENT CONSORTIUM,Protection ,Bor South
HUMANITARIAN AND DEVELOPMENT CONSORTIUM,Protection ,Awerial
HUMANITARIAN AND DEVELOPMENT CONSORTIUM,Protection ,Malakal
HUMANITARIAN AND DEVELOPMENT CONSORTIUM,Shelter and Non-Food Items,Bor South
HUMANITARIAN AND DEVELOPMENT CONSORTIUM,Shelter and Non-Food Items,Pibor
HUMANITARIAN AND DEVELOPMENT CONSORTIUM,Shelter and Non-Food Items,Awerial
HUMANITARIAN AND DEVELOPMENT CONSORTIUM,Shelter and Non-Food Items,Maban
HUMANITARIAN AND DEVELOPMENT CONSORTIUM,Shelter and Non-Food Items,Malakal
HUMANITARIAN AND DEVELOPMENT CONSORTIUM,WASH,Bor South
HUMANITARIAN AND DEVELOPMENT CONSORTIUM,WASH,Malakal
HUMANITARIAN AND DEVELOPMENT CONSORTIUM,Conflict Prevention & Peacebuilding,Bor South
HUMANITARIAN AND DEVELOPMENT CONSORTIUM,Conflict Prevention & Peacebuilding,Maban
Mundri Relief and Development Association,CCCM,Tonj East
Mundri Relief and Development Association,Education,Ezo
Mundri Relief and Development Association,Education,Ibba
Mundri Relief and Development Association,Education,Maridi
Mundri Relief and Development Association,Education,Mundri East
Mundri Relief and Development Association,Education,Mundri West
Mundri Relief and Development Association,Education,Mvolo
Mundri Relief and Development Association,Education,Nagero
Mundri Relief and Development Association,Education,Nzara
Mundri Relief and Development Association,Education,Tambura
Mundri Relief and Development Association,Education,Yambio
Mundri Relief and Development Association,Education,Aweil Centre
Mundri Relief and Development Association,Education,Aweil East
Mundri Relief and Development Association,Emergency Telecoms,Mundri West
Mundri Relief and Development Association,Food Security & Livlihoods,Mundri West
Mundri Relief and Development Association,Health,Mundri East
Mundri Relief and Development Association,Protection ,Mundri East
Mundri Relief and Development Association,Protection ,Mundri West
Mundri Relief and Development Association,Protection ,Mvolo
Mundri Relief and Development Association,Conflict Prevention & Peacebuilding,Mundri East
Mundri Relief and Development Association,Conflict Prevention & Peacebuilding,Mundri West
Mundri Relief and Development Association,Conflict Prevention & Peacebuilding,Mvolo
Mundri Relief and Development Association,Conflict Prevention & Peacebuilding,Yirol East
Mundri Relief and Development Association,Governance & Rule of Law,Mundri East
Mundri Relief and Development Association,Governance & Rule of Law,Mundri West
Mundri Relief and Development Association,Governance & Rule of Law,Mvolo
SOS Sahel South Sudan,Conflict Prevention & Peacebuilding,Juba
SOS Sahel South Sudan,Conflict Prevention & Peacebuilding,Terekeka
SOS Sahel South Sudan,Conflict Prevention & Peacebuilding,Gogrial East
SOS Sahel South Sudan,Conflict Prevention & Peacebuilding,Gogrial West
Fashoda Youth Forum,CCCM,Juba
Fashoda Youth Forum,CCCM,Fashoda
Fashoda Youth Forum,CCCM,Malakal
Fashoda Youth Forum,CCCM,Panyikang
Fashoda Youth Forum,Education,Fashoda
Fashoda Youth Forum,Education,Malakal
Fashoda Youth Forum,Food Security & Livlihoods,Fashoda
Fashoda Youth Forum,Food Security & Livlihoods,Malakal
Fashoda Youth Forum,Food Security & Livlihoods,Panyikang
Fashoda Youth Forum,Protection ,Fashoda
Fashoda Youth Forum,Protection ,Malakal
Fashoda Youth Forum,Shelter and Non-Food Items,Malakal
Fashoda Youth Forum,WASH,Fashoda
Fashoda Youth Forum,WASH,Malakal
Fashoda Youth Forum,WASH,Panyikang
Fashoda Youth Forum,Conflict Prevention & Peacebuilding,Baliet
Fashoda Youth Forum,Conflict Prevention & Peacebuilding,Fashoda
Fashoda Youth Forum,Conflict Prevention & Peacebuilding,Malakal
Fashoda Youth Forum,Conflict Prevention & Peacebuilding,Panyikang
Rural Development Action Aid,CCCM,Ezo
Rural Development Action Aid,CCCM,Ibba
Rural Development Action Aid,CCCM,Maridi
Rural Development Action Aid,CCCM,Mundri East
Rural Development Action Aid,CCCM,Mvolo
Rural Development Action Aid,CCCM,Nagero
Rural Development Action Aid,CCCM,Nzara
Rural Development Action Aid,CCCM,Yambio
Rural Development Action Aid,Emergency Telecoms,Ezo
Rural Development Action Aid,Emergency Telecoms,Ibba
Rural Development Action Aid,Food Security & Livlihoods,Nzara
Rural Development Action Aid,Food Security & Livlihoods,Ibba
Rural Development Action Aid,Food Security & Livlihoods,Yambio
Rural Development Action Aid,Health,Yambio
Rural Development Action Aid,Shelter and Non-Food Items,Maridi
Rural Development Action Aid,Shelter and Non-Food Items,Mundri East
Rural Development Action Aid,Shelter and Non-Food Items,Mvolo
Rural Development Action Aid,Shelter and Non-Food Items,Nagero
Rural Development Action Aid,Shelter and Non-Food Items,Yambio
Rural Development Action Aid,WASH,Ezo
Rural Development Action Aid,Conflict Prevention & Peacebuilding,Yambio
Wagen Agency for Rehabilitation and Development (WARD),Education,Jur River
Wagen Agency for Rehabilitation and Development (WARD),Food Security & Livlihoods,Jur River
Wagen Agency for Rehabilitation and Development (WARD),Health,Jur River
BIO AID SOUTH SUDAN,CCCM,Juba
BIO AID SOUTH SUDAN,CCCM,Pibor
Initiative for Peace Communication Association,CCCM,Juba
Initiative for Peace Communication Association,Education,Magwi
Initiative for Peace Communication Association,Protection ,Juba
Initiative for Peace Communication Association,Protection ,Yei
Initiative for Peace Communication Association,Protection ,Bor South
Initiative for Peace Communication Association,Governance & Rule of Law,Juba
Initiative for Peace Communication Association,Governance & Rule of Law,Yei
Initiative for Peace Communication Association,Governance & Rule of Law,Bor South
Nile Hope,Education,Akobo 
Nile Hope,Education,Bor South
Nile Hope,Education,Twic East
Nile Hope,Education,Nyirol
Nile Hope,Education,Pibor
Nile Hope,Education,Awerial
Nile Hope,Food Security & Livlihoods,Juba
Nile Hope,Food Security & Livlihoods,Akobo 
Nile Hope,Food Security & Livlihoods,Bor South
Nile Hope,Food Security & Livlihoods,Fangak
Nile Hope,Food Security & Livlihoods,Canal/Pigi
Nile Hope,Food Security & Livlihoods,Pibor
Nile Hope,Food Security & Livlihoods,pochalla
Nile Hope,Food Security & Livlihoods,Awerial
Nile Hope,Food Security & Livlihoods,Luakpiny/Nasir
Nile Hope,Food Security & Livlihoods,Ulang
Nile Hope,Health,Akobo 
Nile Hope,Health,Fangak
Nile Hope,Health,Canal/Pigi
Nile Hope,Health,Leer
Nile Hope,Health,Luakpiny/Nasir
Nile Hope,Nutrition ,Akobo 
Nile Hope,Nutrition ,Fangak
Nile Hope,Nutrition ,Canal/Pigi
Nile Hope,Nutrition ,Leer
Nile Hope,Nutrition ,Luakpiny/Nasir
Nile Hope,Protection ,Juba
Nile Hope,Protection ,Akobo 
Nile Hope,Protection ,Ayod
Nile Hope,Protection ,Bor South
Nile Hope,Protection ,Twic East
Nile Hope,Protection ,Fangak
Nile Hope,Protection ,Canal/Pigi
Nile Hope,Protection ,Pibor
Nile Hope,WASH,Juba
Nile Hope,WASH,Akobo 
Nile Hope,WASH,Fangak
Nile Hope,WASH,Canal/Pigi
Nile Hope,WASH,Luakpiny/Nasir
Nile Hope,WASH,Ulang
Nile Hope,Conflict Prevention & Peacebuilding,Akobo 
Nile Hope,Conflict Prevention & Peacebuilding,Pibor
Nile Hope,Conflict Prevention & Peacebuilding,Malakal
Nile Hope,Conflict Prevention & Peacebuilding,Luakpiny/Nasir
Nile Hope,Conflict Prevention & Peacebuilding,Ulang
The Centre for Democracy Initiative South Sudan,Education,Lainya
The Centre for Democracy Initiative South Sudan,Education,Morobo
The Centre for Democracy Initiative South Sudan,Education,Yei
The Centre for Democracy Initiative South Sudan,Food Security & Livlihoods,Yei
The Centre for Democracy Initiative South Sudan,Conflict Prevention & Peacebuilding,Yei
The Centre for Democracy Initiative South Sudan,Governance & Rule of Law,Lainya
The Centre for Democracy Initiative South Sudan,Governance & Rule of Law,Morobo
The Centre for Democracy Initiative South Sudan,Governance & Rule of Law,Yei
Mundri Active Youth Association,CCCM,Mundri West
Mundri Active Youth Association,CCCM,Mundri East
Hope Restoration South Sudan,CCCM,Abiemnhom
Hope Restoration South Sudan,CCCM,Guit
Hope Restoration South Sudan,CCCM,Mayendit
Hope Restoration South Sudan,CCCM,Mayom
Hope Restoration South Sudan,CCCM,Rubkona
Hope Restoration South Sudan,Education,Rubkona
Hope Restoration South Sudan,Food Security & Livlihoods,Mayendit
Hope Restoration South Sudan,Food Security & Livlihoods,Mayom
Hope Restoration South Sudan,Health,Rubkona
Hope Restoration South Sudan,Protection ,Rubkona
Hope Restoration South Sudan,WASH,Mayom
Hope Restoration South Sudan,Conflict Prevention & Peacebuilding,Abiemnhom
Hope Restoration South Sudan,Conflict Prevention & Peacebuilding,Mayom
Hope Restoration South Sudan,Conflict Prevention & Peacebuilding,Rubkona
Universal Intervention and Development Organization,CCCM,Koch
Universal Intervention and Development Organization,CCCM,Leer
Universal Intervention and Development Organization,CCCM,Mayendit
Universal Intervention and Development Organization,CCCM,Panyijiar
Universal Intervention and Development Organization,Education,Leer
Universal Intervention and Development Organization,Education,Mayendit
Universal Intervention and Development Organization,Education,Panyijiar
Universal Intervention and Development Organization,Food Security & Livlihoods,Koch
Universal Intervention and Development Organization,Food Security & Livlihoods,Leer
Universal Intervention and Development Organization,Food Security & Livlihoods,Panyijiar
Universal Intervention and Development Organization,Health,Leer
Universal Intervention and Development Organization,Health,Mayendit
Universal Intervention and Development Organization,Logistics,Koch
Universal Intervention and Development Organization,Logistics,Leer
Universal Intervention and Development Organization,Logistics,Mayendit
Universal Intervention and Development Organization,Logistics,Panyijiar
Universal Intervention and Development Organization,Nutrition ,Mayendit
Universal Intervention and Development Organization,Protection ,Leer
Universal Intervention and Development Organization,Protection ,Mayendit
Universal Intervention and Development Organization,Protection ,Panyijiar
Universal Intervention and Development Organization,WASH,Koch
Universal Intervention and Development Organization,WASH,Leer
Universal Intervention and Development Organization,WASH,Mayendit
Universal Intervention and Development Organization,WASH,Panyijiar
Universal Intervention and Development Organization,Conflict Prevention & Peacebuilding,Koch
Universal Intervention and Development Organization,Conflict Prevention & Peacebuilding,Leer
Universal Intervention and Development Organization,Conflict Prevention & Peacebuilding,Mayendit
Universal Intervention and Development Organization,Conflict Prevention & Peacebuilding,Panyijiar
Help Restore Youth South Sudan,Education,Aweil Centre
Help Restore Youth South Sudan,Education,Aweil North
Help Restore Youth South Sudan,Food Security & Livlihoods,Aweil Centre
Help Restore Youth South Sudan,Food Security & Livlihoods,Aweil East
Help Restore Youth South Sudan,Food Security & Livlihoods,Aweil South
Help Restore Youth South Sudan,Food Security & Livlihoods,Gogrial West
Help Restore Youth South Sudan,Food Security & Livlihoods,Tonj North
Help Restore Youth South Sudan,Food Security & Livlihoods,Tonj South
Help Restore Youth South Sudan,Food Security & Livlihoods,Twic East
Help Restore Youth South Sudan,Health,Juba
Help Restore Youth South Sudan,Health,Aweil Centre
Help Restore Youth South Sudan,Health,Aweil South
Help Restore Youth South Sudan,Protection ,Juba
Help Restore Youth South Sudan,Protection ,Tonj North
Help Restore Youth South Sudan,Protection ,Tonj South
Help Restore Youth South Sudan,Protection ,Twic East
Help Restore Youth South Sudan,WASH,Juba
Help Restore Youth South Sudan,WASH,Abiemnhom
Help Restore Youth South Sudan,WASH,Mayom
Help Restore Youth South Sudan,Conflict Prevention & Peacebuilding,Aweil Centre
Help Restore Youth South Sudan,Conflict Prevention & Peacebuilding,Aweil South
Help Restore Youth South Sudan,Conflict Prevention & Peacebuilding,Tonj North
Help Restore Youth South Sudan,Conflict Prevention & Peacebuilding,Tonj South
Help Restore Youth South Sudan,Conflict Prevention & Peacebuilding,Twic East
Help Restore Youth South Sudan,Governance & Rule of Law,Juba
Help Restore Youth South Sudan,Governance & Rule of Law,Aweil Centre
Help Restore Youth South Sudan,Governance & Rule of Law,Aweil South
Help Restore Youth South Sudan,Governance & Rule of Law,Gogrial West
Rural Development Initiative South Sudan,CCCM,Twic East
Rural Development Initiative South Sudan,Education,Bor South
Rural Development Initiative South Sudan,Education,Twic East
Rural Development Initiative South Sudan,Food Security & Livlihoods,Bor South
Rural Development Initiative South Sudan,Food Security & Livlihoods,Twic East
Rural Development Initiative South Sudan,Food Security & Livlihoods,Duk
Rural Development Initiative South Sudan,Health,Bor South
Rural Development Initiative South Sudan,Health,Twic East
Rural Development Initiative South Sudan,Health,Duk
Rural Development Initiative South Sudan,Nutrition ,Bor South
Rural Development Initiative South Sudan,Nutrition ,Twic East
Rural Development Initiative South Sudan,Nutrition ,Duk
Rural Development Initiative South Sudan,protection ,Bor South
Rural Development Initiative South Sudan,protection ,Twic East
Rural Development Initiative South Sudan,protection ,Duk
Rural Development Initiative South Sudan,Shelter and Non-Food Items,Bor South
Rural Development Initiative South Sudan,Shelter and Non-Food Items,Twic East
Rural Development Initiative South Sudan,Shelter and Non-Food Items,Duk
Rural Development Initiative South Sudan,WASH,Bor South
Rural Development Initiative South Sudan,WASH,Twic East
Rural Development Initiative South Sudan,WASH,Duk
Rural Development Initiative South Sudan,Conflict Prevention & Peacebuilding,Bor South
Rural Development Initiative South Sudan,Conflict Prevention & Peacebuilding,Twic East
Rural Development Initiative South Sudan,Conflict Prevention & Peacebuilding,Duk
Nanfa Humanitarian Organization for Services,Education,Juba
Nanfa Humanitarian Organization for Services,Education,Fashoda
Nanfa Humanitarian Organization for Services,Education,Malakal
Nanfa Humanitarian Organization for Services,Education,Manyo
Nanfa Humanitarian Organization for Services,Food Security & Livlihoods,Juba
Nanfa Humanitarian Organization for Services,Food Security & Livlihoods,Fashoda
Nanfa Humanitarian Organization for Services,Food Security & Livlihoods,Malakal
Nanfa Humanitarian Organization for Services,Food Security & Livlihoods,Manyo
Nanfa Humanitarian Organization for Services,Health,Juba
Nanfa Humanitarian Organization for Services,Health,Fashoda
Nanfa Humanitarian Organization for Services,protection ,Juba
Nanfa Humanitarian Organization for Services,protection ,Fashoda
Nanfa Humanitarian Organization for Services,protection ,Malakal
Nanfa Humanitarian Organization for Services,protection ,Manyo
Nanfa Humanitarian Organization for Services,Shelter and Non-Food Items,Juba
Nanfa Humanitarian Organization for Services,Shelter and Non-Food Items,Fashoda
Nanfa Humanitarian Organization for Services,Shelter and Non-Food Items,Malakal
Nanfa Humanitarian Organization for Services,Shelter and Non-Food Items,Manyo
Eye Media,CCCM,Juba
Eye Media,CCCM,Torit
Rural Mission for Development,CCCM,Budi
Rural Mission for Development,CCCM,Kapoeta East
Rural Mission for Development,CCCM,Kapoeta North
Rural Mission for Development,CCCM,Kapoeta South
Rural Mission for Development,CCCM,Akobo 
Rural Mission for Development,CCCM,Nyirol
Rural Mission for Development,CCCM,Ulang
"The Health, Education and Luminous Community Organization",CCCM,Terekeka
"The Health, Education and Luminous Community Organization",Education,Terekeka
"The Health, Education and Luminous Community Organization",Food Security & Livlihoods,Terekeka
"The Health, Education and Luminous Community Organization",Health,Terekeka
"The Health, Education and Luminous Community Organization",Nutrition ,Terekeka
"The Health, Education and Luminous Community Organization",protection ,Terekeka
"The Health, Education and Luminous Community Organization",Shelter and Non-Food Items,Terekeka
"The Health, Education and Luminous Community Organization",WASH,Terekeka
"The Health, Education and Luminous Community Organization",Conflict Prevention & Peacebuilding,Terekeka
"The Health, Education and Luminous Community Organization",Governance & Rule of Law,Terekeka
South Sudan Grassroot Initiative for Development,Education,Tonj East
South Sudan Grassroot Initiative for Development,Education,Tonj South
South Sudan Grassroot Initiative for Development,Education,Tonj North
South Sudan Grassroot Initiative for Development,Food Security & Livlihoods,Aweil North
South Sudan Grassroot Initiative for Development,Food Security & Livlihoods,Aweil South
South Sudan Grassroot Initiative for Development,Food Security & Livlihoods,Jur River
South Sudan Grassroot Initiative for Development,Food Security & Livlihoods,Wau
South Sudan Grassroot Initiative for Development,Food Security & Livlihoods,Tonj East
South Sudan Grassroot Initiative for Development,Food Security & Livlihoods,Tonj North
South Sudan Grassroot Initiative for Development,Food Security & Livlihoods,Tonj South
South Sudan Grassroot Initiative for Development,Health,Juba
South Sudan Grassroot Initiative for Development,Health,Duk
South Sudan Grassroot Initiative for Development,Health,Aweil North
South Sudan Grassroot Initiative for Development,Health,Aweil South
South Sudan Grassroot Initiative for Development,Health,Tonj East
South Sudan Grassroot Initiative for Development,Health,Tonj North
South Sudan Grassroot Initiative for Development,Health,Tonj South
South Sudan Grassroot Initiative for Development,Nutrition ,Duk
South Sudan Grassroot Initiative for Development,Nutrition ,Aweil North
South Sudan Grassroot Initiative for Development,Nutrition ,Aweil South
South Sudan Grassroot Initiative for Development,Nutrition ,Tonj East
South Sudan Grassroot Initiative for Development,Nutrition ,Tonj North
South Sudan Grassroot Initiative for Development,Nutrition ,Tonj South
South Sudan Grassroot Initiative for Development,protection ,Juba
South Sudan Grassroot Initiative for Development,protection ,Wau
South Sudan Grassroot Initiative for Development,Shelter and Non-Food Items,Aweil North
South Sudan Grassroot Initiative for Development,WASH,Juba
South Sudan Grassroot Initiative for Development,WASH,Duk
South Sudan Grassroot Initiative for Development,WASH,Aweil North
South Sudan Grassroot Initiative for Development,WASH,Aweil South
South Sudan Grassroot Initiative for Development,WASH,Jur River
South Sudan Grassroot Initiative for Development,WASH,Wau
South Sudan Grassroot Initiative for Development,WASH,Tonj East
South Sudan Grassroot Initiative for Development,WASH,Tonj North
South Sudan Grassroot Initiative for Development,WASH,Tonj South
South Sudan Grassroot Initiative for Development,Conflict Prevention & Peacebuilding,Tonj East
South Sudan Grassroot Initiative for Development,Conflict Prevention & Peacebuilding,Tonj North
South Sudan Grassroot Initiative for Development,Conflict Prevention & Peacebuilding,Tonj South
Grassroots Relief Empowerment and Development agency,Education,Bor South
Grassroots Relief Empowerment and Development agency,Education,Rubkona
Grassroots Relief Empowerment and Development agency,Education,Malakal
Grassroots Relief Empowerment and Development agency,Food Security & Livlihoods,Mundri East
Grassroots Relief Empowerment and Development agency,Food Security & Livlihoods,Mundri West
Grassroots Relief Empowerment and Development agency,Food Security & Livlihoods,Mvolo
Grassroots Relief Empowerment and Development agency,Nutrition ,Rubkona
Grassroots Relief Empowerment and Development agency,Nutrition ,Malakal
Grassroots Relief Empowerment and Development agency,protection ,Mundri East
Grassroots Relief Empowerment and Development agency,protection ,Bor South
Grassroots Relief Empowerment and Development agency,protection ,Rubkona
Grassroots Relief Empowerment and Development agency,protection ,Malakal
Grassroots Relief Empowerment and Development agency,Shelter and Non-Food Items,Mundri East
Grassroots Relief Empowerment and Development agency,Conflict Prevention & Peacebuilding,Rubkona
Grassroots Relief Empowerment and Development agency,Conflict Prevention & Peacebuilding,Bor South
Grassroots Relief Empowerment and Development agency,Conflict Prevention & Peacebuilding,Malakal
Grassroots Relief Empowerment and Development agency,Governance & Rule of Law,Rubkona
Grassroots Relief Empowerment and Development agency,Governance & Rule of Law,Bor South
Grassroots Relief Empowerment and Development agency,Governance & Rule of Law,Malakal
SOLIDARITY MINISTRIES AFRICA FOR RECONCILIATION & DEVELOPMENT,Education,Gogrial East
SOLIDARITY MINISTRIES AFRICA FOR RECONCILIATION & DEVELOPMENT,Food Security & Livlihoods,Gogrial East
SOLIDARITY MINISTRIES AFRICA FOR RECONCILIATION & DEVELOPMENT,protection ,Gogrial West
SOLIDARITY MINISTRIES AFRICA FOR RECONCILIATION & DEVELOPMENT,Conflict Prevention & Peacebuilding,Gogrial East
SOLIDARITY MINISTRIES AFRICA FOR RECONCILIATION & DEVELOPMENT,Conflict Prevention & Peacebuilding,Gogrial West
SOLIDARITY MINISTRIES AFRICA FOR RECONCILIATION & DEVELOPMENT,Conflict Prevention & Peacebuilding,Tonj East
SOLIDARITY MINISTRIES AFRICA FOR RECONCILIATION & DEVELOPMENT,Conflict Prevention & Peacebuilding,Tonj South
SOLIDARITY MINISTRIES AFRICA FOR RECONCILIATION & DEVELOPMENT,Conflict Prevention & Peacebuilding,Tonj North
SOLIDARITY MINISTRIES AFRICA FOR RECONCILIATION & DEVELOPMENT,Conflict Prevention & Peacebuilding,Twic East
SOLIDARITY MINISTRIES AFRICA FOR RECONCILIATION & DEVELOPMENT,Governance & Rule of Law,Gogrial East
Indigent Development Organization,Education,Juba
Indigent Development Organization,Education,Morobo
Indigent Development Organization,Food Security & Livlihoods,Juba
Indigent Development Organization,Food Security & Livlihoods,Morobo
Indigent Development Organization,Health,Juba
Indigent Development Organization,Health,Morobo
Indigent Development Organization,Nutrition ,Juba
Indigent Development Organization,Nutrition ,Morobo
Indigent Development Organization,protection ,Juba
Indigent Development Organization,protection ,Morobo
Indigent Development Organization,WASH,Juba
Indigent Development Organization,WASH,Morobo
Indigent Development Organization,Conflict Prevention & Peacebuilding,Juba
Indigent Development Organization,Conflict Prevention & Peacebuilding,Morobo
Ambassadors of Peace in East Africa,Conflict Prevention & Peacebuilding,Juba
Ambassadors of Peace in East Africa,Conflict Prevention & Peacebuilding,Magwi
APT SUCCOT,Food Security & Livlihoods,Maridi
APT SUCCOT,Food Security & Livlihoods,Mundri East
South Sudan Development Agency,Education,Malakal
South Sudan Development Agency,Education,Manyo
South Sudan Development Agency,Education,Panyikang
South Sudan Development Agency,Education,Ulang
South Sudan Development Agency,protection ,Panyikang
South Sudan Development Agency,Shelter and Non-Food Items,Manyo
South Sudan Development Agency,WASH,Panyikang
South Sudan Development Agency,Conflict Prevention & Peacebuilding,Malakal
South Sudan Development Agency,Conflict Prevention & Peacebuilding,Manyo
South Sudan Development Agency,Conflict Prevention & Peacebuilding,Panyikang
GLOBAL EMPOWERMENT FOR POVERTY ALLEVIATION,Education,Magwi
GLOBAL EMPOWERMENT FOR POVERTY ALLEVIATION,Food Security & Livlihoods,Magwi
RELIEF AID FOR DISASTER REDUCTION AGENCY,Food Security & Livlihoods,Juba
RELIEF AID FOR DISASTER REDUCTION AGENCY,protection ,Juba
Community health and development organisation,Education,Pibor
Community health and development organisation,Education,Longochuk
Community health and development organisation,Education,Maiwut
Community health and development organisation,Food Security & Livlihoods,Pibor
Community health and development organisation,Food Security & Livlihoods,Longochuk
Community health and development organisation,Food Security & Livlihoods,Maiwut
Community health and development organisation,Health,Pibor
Community health and development organisation,Health,Longochuk
Community health and development organisation,Health,Maiwut
Community health and development organisation,Nutrition ,Pibor
Community health and development organisation,Nutrition ,Longochuk
Community health and development organisation,Nutrition ,Maiwut
Community health and development organisation,protection ,Pibor
Community health and development organisation,protection ,Longochuk
Community health and development organisation,protection ,Maiwut
Community health and development organisation,WASH,Pibor
Community health and development organisation,WASH,Longochuk
Community health and development organisation,WASH,Maiwut
Community health and development organisation,Conflict Prevention & Peacebuilding,Pibor
Community health and development organisation,Conflict Prevention & Peacebuilding,Longochuk
Community health and development organisation,Conflict Prevention & Peacebuilding,Maiwut
Community health and development organisation,Environmeental Sustainability,Pibor
Community health and development organisation,Environmeental Sustainability,Longochuk
Community health and development organisation,Environmeental Sustainability,Maiwut
Organization Community Initiative Support Program,protection ,Juba
Organization Community Initiative Support Program,protection ,Bor South
Organization Community Initiative Support Program,protection ,Rubkona
Organization Community Initiative Support Program,protection ,Tonj North
Organization Community Initiative Support Program,Governance & Rule of Law,Juba
Organization Community Initiative Support Program,Governance & Rule of Law,Rubkona
community Agriculture Skill Initiative,Education,Bor South
community Agriculture Skill Initiative,Food Security & Livlihoods,Bor South
community Agriculture Skill Initiative,Food Security & Livlihoods,Twic East
community Agriculture Skill Initiative,Food Security & Livlihoods,Duk
community Agriculture Skill Initiative,Health,Bor South
community Agriculture Skill Initiative,Nutrition ,Bor South
community Agriculture Skill Initiative,protection ,Bor South
community Agriculture Skill Initiative,protection ,Twic East
community Agriculture Skill Initiative,protection ,Duk
community Agriculture Skill Initiative,WASH,Bor South
community Agriculture Skill Initiative,Conflict Prevention & Peacebuilding,Bor South
community Agriculture Skill Initiative,Conflict Prevention & Peacebuilding,Twic East
community Agriculture Skill Initiative,Conflict Prevention & Peacebuilding,Duk
Gender Equity and Women's Leadership Program Program,Education,Juba
Afro-Canadian Evangelical Mission,Education,Mundri East
Afro-Canadian Evangelical Mission,Education,Mundri West
Afro-Canadian Evangelical Mission,Education,Mvolo
Afro-Canadian Evangelical Mission,WASH,Mundri East
Afro-Canadian Evangelical Mission,WASH,Mundri West
Afro-Canadian Evangelical Mission,WASH,Mvolo
Afro-Canadian Evangelical Mission,Conflict Prevention & Peacebuilding,Mundri East
Afro-Canadian Evangelical Mission,Conflict Prevention & Peacebuilding,Mundri West
Afro-Canadian Evangelical Mission,Conflict Prevention & Peacebuilding,Mvolo
Hold the Child,Health,Fangak
Hold the Child,CCCM,Fangak
Hold the Child,CCCM,Maiwut
Hold the Child,CCCM,Fangak
Hold the Child,CCCM,Bor South
Hold the Child,protection ,Bor South
Hold the Child,protection ,pochalla
Hold the Child,protection ,Uror
Hold the Child,Shelter and Non-Food Items,Bor South
Hold the Child,Shelter and Non-Food Items,pochalla
Hold the Child,Shelter and Non-Food Items,Uror
Agenda for Growth Organization,Food Security & Livlihoods,Morobo
Agenda for Growth Organization,Food Security & Livlihoods,Yei
Agenda for Growth Organization,protection ,Morobo
Agenda for Growth Organization,protection ,Terekeka
Foundation for Youth Initiative,Education,Fangak
Foundation for Youth Initiative,Education,Canal/Pigi
Foundation for Youth Initiative,Food Security & Livlihoods,Juba
Foundation for Youth Initiative,Food Security & Livlihoods,Torit
Foundation for Youth Initiative,Food Security & Livlihoods,Magwi
Foundation for Youth Initiative,Food Security & Livlihoods,Kajo-Keji
Foundation for Youth Initiative,Food Security & Livlihoods,Terekeka
Grassroots Empowernment and Development Organisation,Education,Pibor
Humanitarian Development Aid ,Education,Bor South